Student_id ,Answer,Rank,,Promp
0001,I see four people. They sit on grass. There is a dog. They talk and have fun.,A1,,"คุณช่วยรับบทบาทเป็นนักเรียนห้อง English Program (EP) อายุประมาณ 12-18 ปีที่อาศัยอยู่ในประเทศไทยจำนวน 6 คน โดยแต่ละคน Level ภาษาอังกฤษ จะกำหนดให้แต่ละคน อยู่ตามระดับ CEFR ไล่ไปตั้งแต่ A1 - C2 ที่กำลังทำข้อสอบวิชาภาษาอังกฤษ โดยมีโจทย์ให้อธิบายรูปภาพที่กำหนด  เขียนเป็นภาษาอังกฤษมา โดยแต่ละคนจะเขียน ความยาวไม่ต่ำกว่า 500 คำ
"
0002,There are four friends having a picnic in a park. They look happy and are chatting. There is a cute small dog with them.,A2,,
0003,"The picture shows a group of friends enjoying a sunny day out in what appears to be a lush park. They are sitting on the ground with a spread of snacks, engaging in conversation, and there's a fluffy dog amongst them.",B1,,
0004,"In this vibrant scene, a quartet of individuals is depicted relishing the serenity of a park setting. The foliage overhead casts a pattern of shadows upon them, enhancing the ambiance of their casual picnic. A jovial canine companion adds to the dynamic of the group, suggesting a shared appreciation for the outdoors.",B2,,
0005,"This image captures a convivial gathering of four individuals, ensconced in an idyllic clearing among verdant groves. Their interaction, characterized by animated discourse and shared laughter, indicates a deep-seated camaraderie. The presence of a domesticated canine playfully weaving through their ensemble infuses the scene with additional warmth and vitality.",C1,,
0006,"The tableau before us is a candid vignette of camaraderie and leisure, bathed in the halcyon light of an apparent late summer's day. Four companions, diverse in appearance yet united in mirth, partake in an al fresco gathering amidst an idyllic sylvan backdrop. A canine of the Shih Tzu breed embellishes the scene with its beguiling presence, adding a touch of domestic warmth to the pastoral tableau. The natural detritus of pine cones and the presence of a vintage camera subtly suggest a melding of nature and nostalgia.",C2,,
0007,"I see a picture with four people and one dog. They are outside. There are trees and grass. The sun is shining. The people have drinks and cameras. They are happy and talking. There is one dog, and it is small and cute. They are having a picnic. It is a nice day.",A1,,
0008,"This is a photo of a group of friends enjoying a picnic in a park. They are sitting on a blanket on the grass under the trees. There is a woman talking and smiling. She has sunglasses. There are two men and another woman who are listening to her. They all look happy and relaxed. The weather seems to be good because it's sunny. There is a small, fluffy dog with them, and it looks friendly. They have some drinks in red cups and a camera to take photos of their day.",A2,,
0009,"In the image, there's a gathering of friends having a picnic in what appears to be a tranquil park. The natural light suggests it's daytime, probably late morning or early afternoon given the shadows. Each individual is engaged in a casual conversation, evidenced by their comfortable postures and genuine smiles. A small dog, possibly a Shih Tzu breed, stands at the forefront, adding to the relaxed vibe of the scene. The setting is casual, with personal belongings scattered around, suggesting spontaneity to the outing. They're likely capturing memories, as a camera is visible, and enjoying light refreshments, as seen by the red plastic cups.",B1,,
0010,"The photograph depicts a quintessential outdoor gathering, with four individuals who appear to be in their mid-twenties, engaged in what seems like a riveting conversation. The park setting is idyllic, with ample sunlight filtering through the foliage, casting dappled shadows upon the group. A casual observer might note the careful composition of the photo—the subjects are arrayed in a semi-circle, which naturally guides the viewer’s eye across the scene. The presence of a compact camera and disposable cups suggests a day planned to foster relaxation and create memories. The nonchalant position of the group, along with the open body language, hints at the close bonds they share. A small dog, comfortably part of the group, enhances the homely atmosphere.",B2,,
0011,"This image artfully captures an intimate moment amongst a close-knit group of young adults, who are deeply immersed in what appears to be an engaging exchange of anecdotes. The verdant backdrop of the park provides a serene atmosphere, and the natural light bathes the scene in a warm glow, indicative of a sunny afternoon. Their casual attire and relaxed demeanors suggest this outing was organized as a respite from the hustle and bustle of daily life. The presence of a dog indicates the inclusivity of the circle, emphasizing a pet-friendly environment. The photograph not only chronicles their leisurely activities—evident from the camera and beverages—but also the subtle interplay of human connections in social settings.",C1,,
0012,"The tableau before us is steeped in the simplicity and joy of youth. Here we see four individuals ensconced in a cocoon of camaraderie, their easy laughter resonating through the canopy of ancient trees. They are a microcosm of diversity and unity, a testament to the friendships that burgeon beyond the confines of age and background. The ambience is redolent with the halcyon days of early adulthood, where time is measured not by the ticking of a clock but by the depth of conversation. The canine companion, with its own regal bearing, is not merely a pet but a cherished confidant. Amidst the detritus of their repast—a camera to capture the ephemeral, cups that once brimmed with effervescent beverages—they are utterly ensconced in the present, a lesson in mindfulness that is all too often forgotten.",C2,,
0013,This picture has people outside. They sit on grass. There is one dog. They look happy. It is sunny.,A1,,
0014,There are four people. They are friends. They are having picnic. The place is park. There is a camera. They enjoy and talk,A2,,
0015,"In the image, a group of friends appears to be enjoying a picnic in what seems to be a park. There’s also a dog with them. They're sitting on the grass and there are some pine cones around. It looks like a bright, sunny day.",B1,,
0016,"The photo captures a convivial gathering of four individuals in an outdoor setting, possibly a park. They are engaging in a conversation and laughter, indicating a relaxed and joyful atmosphere. There’s a canine companion present, contributing to the casual ambiance. The foliage suggests it could be either late spring or summer.",B2,,
0017,"Displayed is an image of a quartet of individuals, likely friends, partaking in a leisurely picnic ensconced within a verdant parkland. The assemblage includes a jovial canine. They are seated on a blanket, with various items strewn about, suggesting an impromptu or casual outing. The dialogue amongst them is animated, signaling a strong rapport and enjoyment of the day's reprieve.",C1,,
0018,"In this quintessentially bucolic scene, a coterie of four—engrossed in what one might assume to be a spirited parley—revels beneath the penumbra of the arboreal giants. A loquacious camaraderie is palpable, underscored by the shared smiles and the communal placement upon a picnic blanket. The tableau is attended by a small canine, its countenance bearing the ease of its companions. A camera, resting nonchalantly, signifies not just a moment captured, but a deliberate pause to revel in the simplicity of a convivial repose.",C2,,
0019,"The composition of the photograph is an eloquent testament to the joy found in simple gatherings. Four individuals, seemingly in the full bloom of youth, are depicted amidst a sylvan retreat. Their postures are relaxed, their faces animated with the luster of genuine enjoyment. Accompanying their casual symposium is a diminutive canine, an emblem of fidelity and joy. The verdure that envelops them is indicative of the halcyon days of summer, a time for indelible memories etched into the very fabric of their being.",C2,,
0020,"One observes a gathering that is a study in companionship and spontaneous merriment. The subjects of this outdoor tableau, four in number, exhibit a variety of repose and engagement, suggesting an impromptu discourse under the aegis of a copse's gentle shade. The inclusion of a canine friend, along with personal effects casually arrayed, adds an intimate dimension to the scene. The verdant environs whisper of summer's zenith, framing a moment that is at once transient yet etched in the collective memory of the group",C2,,
0021,Four friends and one dog. They sit on green grass. They drink something. There are trees around them. It is a nice place.,A1,,
0022,People are in a park. They sit on white cloth. They have red cups. The sun is bright. They smile and talk,A1,,
0023,Some people and a dog are outside. They look happy. They are talking. They sit on a blanket. There are trees behind.,A1,,
0024,"In the picture, people are together. They sit on the grass. They have a pet. It is a sunny day. They are happy to be outside.",A1,,
0025,"There are four happy people. They sit on a big white blanket on the grass. The grass is green and there are many trees. They have red cups. Maybe they drink juice or water. They talk, laugh, and look at each other. One person has sunglasses. There is a cute dog too. The dog is small and looks friendly. The dog is with the people. They all have a good time. The sun shines and it is a beautiful day. The sky is not in the picture, but because of the light, it is probably very blue and clear.",A1,,
0026,"In this picture, I see a group of friends having a picnic. They are outside in a place with a lot of trees. It looks like a park. They sit on the ground on a white thing, maybe a blanket or sheet. They have some things to eat and drink. I see red cups, and maybe they have sandwiches or fruit. There is a brown and white dog. The dog looks very happy with the people. They are enjoying the sunny weather. It must be warm because they wear T-shirts and shorts. Everyone is smiling and talking.",A1,,
0027,"There is a photo with people and a dog. They sit on a white blanket in a place with trees and grass. It is daytime and maybe it is a weekend because they look relaxed. They have cups for drinking. One man wears a watch. The dog is small and has white fur with brown spots. The people are young, like students. They have a camera to take pictures of the picnic. They are laughing and having fun together. It is a happy day for them. The sun is shining and it is bright outside. They seem like good friends.",A1,,
0028,"In the photo, there are four people and one small dog. They are sitting on a white blanket. They are in a park with many big trees. The trees have green leaves. It is sunny and the sun makes the grass look very green. The people have red cups and they are drinking. They are smiling and looking happy. One woman has curly hair. The dog is cute and looks at the camera. The people are wearing sunglasses and casual clothes. It is a nice day for a picnic with friends. They are enjoying their time.",A1,,
0029,The picture shows a picnic with four people and a little dog. They are in a park with many trees. They sit on a blanket that is white. They have drinks in red cups. Maybe it is juice or soda. The weather is sunny and nice. They wear summer clothes. One man has a beard and smiles. The dog is small and has fur that is brown and white. The dog seems happy with the people. They look like they are having a fun time. They talk and laugh in the park. It is a good day to be outside with friends.,A1,,
0030,"In this photo, four friends are enjoying a sunny day. They chose a park for a picnic. They look happy. They sit on a white blanket on the grass. The grass is long and green. They have things for a picnic, like red cups for drinks. They are smiling and talking to each other. One friend has sunglasses on his head. The weather is nice for being outside. They brought a small dog. The dog's fur is white with brown. They also have a black camera to take photos. The park has a lot of trees, and it looks quiet and peaceful.",A2,,
0031,"There are four people in this picture. They seem to be best friends. They are having a good time together in a green park. There is a white and brown dog with them. The dog is small and cute. They are sitting on a white blanket on the grass. They have red cups, maybe with juice or water inside. They are wearing casual clothes because it is warm. They are talking and laughing with each other. One person has sunglasses. There is a black camera, too. They will remember this day because they are happy.",A2,,
0032,This is a photo of a group of young people. They are at a park having a picnic. There is green grass around them. They sit on a white blanket. They have drinks in red cups. One woman is laughing. They are having a fun conversation. There is a small dog with them. It looks like a friendly dog. There are trees in the background. It must be a warm sunny day. They also have a camera. They can take pictures of their picnic. They seem to enjoy the nice weather and each other’s company.,A2,,
0033,"In the image, there is a group of four people and a dog. They are sitting in a park. They look very happy. They are having a picnic on a sunny day. They sit on a white blanket. They have red cups, so they are probably drinking something. They talk and smile. The dog is small and has white and brown hair. One of the men is wearing a watch. The trees are big and there are many leaves. It is a nice day for friends to meet outside and enjoy the good weather together.",A2,,
0034,"The picture shows four friends and a little dog having a picnic. They are in a park with trees and grass. They are sitting on a blanket. They have drinks in red cups. It is sunny. They are dressed for summer. They are laughing and having a good conversation. The dog looks happy. They have a camera to take photos of their day. The trees are green and tall. It looks like a nice, quiet place. They seem to enjoy the day and the company of each other. It is a perfect day for a picnic in the park.",A2,,
0035,I see four happy people. They sit on the green grass. There is one white and brown dog. They are talking and laughing. They have some cameras and cups. Trees are everywhere. It is sunny.,A1,,
0036,"The picture shows four friends enjoying a picnic on the grass. The sun is shining. They are smiling and seem to be having a good time. There is a friendly dog with them. They also have cameras, maybe for taking photos of their picnic. There are many trees in the background. It looks like a nice day.",A2,,
0037,"In this photo, we see a diverse group of friends engaged in conversation at a park. They seem relaxed and happy as they sit on a blanket, with a variety of items scattered around them, including cameras, suggesting they're interested in photography. The dog with them seems to be part of their conversation. The scene is set against a backdrop of tall, green trees.",B1,,
0038,"This image captures a moment of leisure, where a group of individuals is gathered in a verdant park. The composition of the photo includes people, a canine, and various personal items, which contribute to the narrative of a relaxed day out. They're sharing stories and laughs. The dog, looking slightly away, adds a sense of movement and spontaneity to the scene.",B2,,
0039,"The photograph vividly portrays a quartet of jovial youths ensconced in a bucolic setting, participating in a convivial picnic. Engrossed in their repartee, they are accompanied by a canine that exudes an air of curiosity. The ensemble of photographic apparatus and disposable cups scattered about, coupled with their casual attire, suggests a day spent in the pursuit of recreation and shared interests.",C1,,
0040,"The tableau presented here is rich with the vitality of youth and the tranquil embrace of nature. Four individuals, a tapestry of companionship, are arrayed in a sylvan alcove, their visages alight with the incandescence of deep fellowship. A dog, the embodiment of domesticated serenity, graces the foreground, augmenting the scene's homeliness. The detritus of their sojourn — cameras, beverage cups — are the artifacts of their temporal joy, captured under the aegis of verdant boughs.",C2,,
0041,"The picture shows a group of four friends enjoying a picnic in a park. There's a lot of greenery around them, and they seem to be having a good time. A small fluffy dog is standing in the foreground, looking directly at the camera. They have snacks and drinks, and it looks like a beautiful sunny day.",B1,,
0042,"In this image, we observe a social gathering in what appears to be a lush park setting. The four individuals are seated on a blanket, deeply engaged in a conversation and laughter, indicating a comfortable camaraderie among them. A small dog with a shaggy coat is present in the scene, adding to the relaxed and friendly atmosphere. The environment is sunlit, with ample trees, suggesting a day well chosen for outdoor leisure.",B2,,
0043,"This is a candid capture of a group of friends at a picnic, surrounded by the serenity of a densely wooded area. The quartet is evidently engaged in an animated discussion, possibly sharing stories or jokes, judging by their expressions and body language. A diminutive canine companion appears to be partaking in the festivities as well, positioned as if it were an integral member of the group. The tableau is bathed in the natural light of what one can infer to be a temperate day, judging by their attire.",C1,,
0044,"Depicted here is an idyllic scene of camaraderie and mirth, where four young adults are ensconced in the dappled shade of a verdant grove. Their mien of delight is unfeigned, manifest in the open gestures and convivial discourse that seems to be transpiring. The ensemble is completed by the presence of a small, shaggy-furred canine, whose stance suggests a sense of belonging and contentment amidst the human companions. The play of light through the foliage casts a tranquil ambience, enhancing the sylvan charm of the tableau.",C2,,
0045,I see four people and one dog. They sit on grass. They happy.,A1,,
0046,There are four friends and a small dog. They are sitting in the park and look happy.,A2,,
0047,The picture shows a group of friends enjoying a picnic in a park. There is also a cute dog with them.,B1,,
0048,"In the image, a group of young adults are seen having a good time together during a picnic in what appears to be a shaded park area, accompanied by a furry companion.",B2,,
0049,"The photograph captures a jovial moment among a diverse group of individuals partaking in a casual outdoor gathering, with the addition of a delightful canine, in a verdant park setting.",C1,,
0050,"This candid snapshot encapsulates the essence of youthful camaraderie and leisure, depicting a convivial ensemble of individuals engaged in an alfresco social rendezvous, complemented by the presence of an endearing canine, all set against the backdrop of an idyllic, sylvan landscape.",C2,,
0051,A dog and people sit outside. Trees are there. They have cups.,A1,,
0052,Four people are sitting on the ground with a white and brown dog. They have drinks and cameras.,A2,,
0053,"There's a group of friends gathered in a forested area enjoying their time. A dog is with them, and they seem to be on a picnic.",B1,,
0054,"The picture depicts a relaxed outdoor setting where four individuals and a dog are engaging in a picnic, surrounded by trees and enjoying a sunny day.",B2,,
0055,"Captured here is an intimate assembly of four individuals ensconced in a tranquil forest clearing, their merriment palpable, accompanied by a small dog, basking in the dappled sunlight.",C1,,
0056,"This tableau offers a glimpse into a spontaneous moment of repose, where a quartet of young adults—flanked by a canine companion—revel in the camaraderie that only a sun-drenched grove can bestow, their effervescence almost tangible.",C2,,
0057,People and dog. They sit. Trees around.,A1,,
0058,There is one dog and some people. They are outside with trees.,A2,,
0059,A group of people and a dog are sitting on the grass under the trees. It's daylight.,B1,,
0060,"A casual gathering of friends and a dog is captured here, enjoying the outdoors among trees, with personal items strewn about.",B2,,
0061,"The essence of leisure is perfectly portrayed in this image, where friends and their dog are ensconced in the verdure of a forest, engaging in what seems to be a carefree soiree.",C1,,
0062,"An impromptu congregation of youthful spirits unfolds amidst an arboreal alcove, a symphony of laughter permeating the air, as they are accompanied by their four-legged confidant in this sylvan retreat.",C2,,
0063,"In the picture, there are many people. They sit on the grass. There is a white and brown dog. The dog is small. Many trees are around them. People have cups and cameras. They look happy.",A1,,
0064,This is a photo of a group of four people. They are sitting on the grass at a park. They have a small dog with them. The dog is brown and white. There are trees around them. It is a sunny day. They are having a good time together.,A2,,
0065,"The image depicts a diverse group of four individuals gathered in a park, enjoying a leisurely picnic. They are seated on the green grass. With them is a small, fluffy dog of brown and white fur. The dog seems to be part of their company. The surrounding trees provide a lush background, suggesting a peaceful setting. The group has brought along a camera, presumably to capture memories of their outing.",B1,,
0066,"In this photograph, we see a convivial assembly of four individuals partaking in a picnic in what appears to be a verdant parkland. Accompanied by a petite dog, their joy is palpable. The flora that envelops them hints at a tranquil ambiance. Various belongings such as a camera, drinks, and perhaps their personal items are casually placed around them, signifying a day spent in relaxation and friendship.",B2,,
0067,"This photograph offers a glimpse into a quintessential outdoor excursion, where a quartet of friends, diverse in appearance, are captured amidst a tranquil, sylvan setting, partaking in what could only be described as a quintessential picnic. The addition of a charming, brown and white canine adds a layer of warmth to the scene. The sprawling canopy of trees above them bathes the group in soft shadows, while their casual array of personal items and refreshments scattered around suggests an afternoon dedicated to the simple pleasures of companionship and the great outdoors.",C1,,
0068,"Here we are privy to an idyllic scene, a tableau vivant set against the tapestry of nature's own canvas. A quartet of young individuals, each one distinctly unique in demeanor, is ensconced in the bosom of a pastoral glade, engaged in the age-old tradition of a picnic. They are not alone, for with them is a small dog, its coat a patchwork of brown and white, exuding an air of contentment that is infectious. Around them, the arboreal guardians stand tall, their leafy branches forming a cathedral that celebrates the simple act of human connection. This scene, replete with a smattering of personal effects and provisions, is less about the feast of food and more about the feast of time, unspooled in the company of friends under the gaze of the gentle sun.",C2,,
0069,I see big green place with many trees and sky. Four people are there with one small happy dog. They sit on ground and have black and red cups. People smile and talk.,A1,,
0070,"In this photo, there are four friends sitting together on a big grass area. They have a cute dog with brown and white color. They seem very happy and enjoy the sun. There are big trees around them and they have drinks and a camera to take pictures.",A2,,
0071,"The photo shows a group of friends, two men and two women, enjoying a sunny day out in the park. They are sharing a picnic blanket, with drinks and a camera placed beside them. A friendly-looking dog with brown and white fur is standing next to them. They all look relaxed and are chatting with each other while enjoying the shade under tall pine trees.",B1,,
0072,"This vibrant image captures a scene of camaraderie and relaxation. Four young adults are spread out on a picnic blanket, soaking up the serene atmosphere of a pine grove. The dog in their midst, part shih tzu perhaps, stands alert yet at ease. The air is undoubtedly filled with their laughter and casual chatter, punctuated by the click of the camera and the clink of cups, as they indulge in the simple joy of a shared meal beneath the dappled light.",B2,,
0073,"The photograph, rich in verdancy, portrays a gathering of four individuals, diverse in their appearance and united in their leisure. A blanket serves as their common ground in the midst of what appears to be an old-growth pine forest. The dog among them, fluffy and attentive, adds a sense of homeliness to the scene. One can almost hear the bubbling conversation, lighthearted and spirited, as they exchange stories and laughter, the duality of nature and friendship captured in this single frame.",C1,,
0074,"In the embrace of nature's own realm, a verdant copse serves as the stage for this tableau, wherein four souls are woven into the rich tapestry of an impromptu picnic. Here, amidst the whispering pines and the soft play of light and shadow, a dog of diminutive stature yet ample character holds court. Their laughter is a symphony, harmonizing with the ambient symphony of the woodland. Each individual, an embodiment of youth's vitality, contributes to the narrative of this convivial summit, their repast and repose a testament to the enduring allure of nature's sanctuary.",C2,,
0075,This picture has green color from many trees. Four friends are sitting on the ground. They have a dog. The dog looks like he is smiling. They have things for eating and taking photos. It is a happy day for them.,A1,,
0076,The picture shows a small group of people and a dog in a place with lots of trees. They are sitting on the ground and have some drinks. They look like they are having fun. Maybe they are friends. The dog is cute and has fluffy fur.,A2,,
0077,"In the image, a small group of four individuals and a pet dog are enjoying what seems to be a pleasant day in a park filled with tall trees. They are sitting on the grass, surrounded by a few items like a camera and drinks, which indicates they might be having a picnic and enjoying a conversation in the great outdoors.",B1,,
0078,"The image showcases a quartet of individuals engrossed in the delights of a shared picnic, accompanied by a charming, small dog. The setting is a lush park, replete with towering trees and dappled sunlight. The assortment of a camera, drinks, and casual sitting arrangement suggests a day spent in joyous leisure, capturing memories amidst the tranquility of nature.",B2,,
0079,"Displayed here is a tableau of relaxed social interaction within a sunlit glade, four friends accompanied by a diminutive canine are portrayed enjoying the simple pleasures of a picnic. The smattering of personal items, including a camera, indicates a desire to capture the ephemeral moments of their jovial congregation, while the tall trees provide a protective canopy, their leaves whispering the tales of the forest.",C1,,
0080,"This tableau captures a moment in time where human and nature's elements coalesce into a harmonious symphony. The subjects, a diverse group of four individuals, are engaged in a social interlude in the lap of a densely wooded grove. Their picnic, accompanied by a small, attentive dog, is a study in camaraderie and leisurely repose. The sprawling trees act as silent witnesses to their revelries, the soft light filtering through the canopy, and their personal effects strewn around them, all coalescing to create a narrative of a pause from the mundane, an ode to the pastoral life.",C2,,
0081,Big place with lots of trees is there. Four people are on grass with one dog. The dog looks happy. People sit with food and drink. They have camera for pictures. Nice day with friends.,A1,,
0082,The photo has four people and a dog sitting on the grass. They look happy and relax. Many trees around them. They are drinking something and have a camera. Maybe they are friends in a park.,A2,,
0083,"A group of four, perhaps friends, with a dog, are enjoying a gathering in a park. They're seated comfortably on the ground, surrounded by a green landscape. Their expressions suggest they're having a lively conversation. They have brought with them beverages and a camera, likely to capture the day's memories.",B1,,
0084,"This photo illustrates a carefree moment of four friends and a dog in a tranquil park setting. They're engaged in what appears to be an animated conversation, casually seated on the grass. The presence of a camera and beverages suggests they're there to unwind and possibly document their outing amidst the greenery.",B2,,
0085,"This image portrays an eclectic group of young adults, alongside a canine companion, engaged in a convivial retreat within a lush parkland. They're seated amidst the grass, seemingly in mid-discussion, exuding a sense of relaxation and enjoyment. A camera is present, indicative of their intent to immortalize the moment, as they partake in beverages and the comfort of each other's company under the expansive tree canopy.",C1,,
0086,"In a scene that invokes the pastoral idylls of yore, this image intricately weaves the narrative of a modern-day fellowship. Four individuals, diverse in their visage, are arrayed in a clearing that boasts a verdant array of pine trees. Their casual repose, punctuated by a shared canine friend, suggests an impromptu sojourn from the throes of daily life. The smattering of personal belongings and consumables complements the overarching theme of a tranquil interlude, aptly captured by the lens of their camera, a silent chronicler of their forest-bound tales.",C2,,
0087,Many trees and people are in this place. People sit on green grass. They have one small dog. The dog is happy. People drink and talk. They use camera for photos. It's a good day for them.,A1,,
0088,"In this picture, four friends and a cute dog are spending time together. They are outside in a place with many trees. They sit on the grass and seem to be having fun. They have something to drink and a camera to take photos.",A2,,
0089,"Here is a scene of four people and a playful dog enjoying the outdoors. They're seated on a grassy area, which is surrounded by trees, and they have drinks and a camera. The setting appears to be a park where they're spending a leisurely day together.",B1,,
0090,"The photograph captures a quartet of individuals and a small dog lounging in a park. They appear engaged in light-hearted banter, enjoying each other's company. The setting is lush with greenery, suggesting a peaceful day out in nature. Their picnic setup is casual, with drinks and a camera at hand, emphasizing the relaxed atmosphere.",B2,,
0091,"This image unfolds a narrative of leisure and camaraderie in a sylvan backdrop, where a group of four friends, along with their canine companion, are engrossed in a convivial gathering. The scene is set on a verdant carpet of grass, encapsulated by an array of trees, indicative of a park-like environment. They are seen with beverages, engaged in conversation, while a camera rests nearby, presumably to capture the memories of their idyllic afternoon.",C1,,
0092,"Evocative of a bygone era's pastoral scenes, this composition presents a contemporary tableau vivant. Within the confines of a wooded glade, four diverse characters converge, accompanied by a companionable dog. Their repose on the grass is casual yet intimate, the tableau peppered with signs of a picnic—beverages and a camera at the ready. The forest acts as a silent auditorium to their dialogue, the dappling of sunlight through the leaves enhancing the timelessness of their assembly.",C2,,
0093,"Picture has green trees and blue sky. Four friends sit down on grass. They have little dog, looks happy. They hold cups and talk. One camera is there. They look like they like this day.",A1,,
0094,This is a picture of four people and a dog in a place with lots of trees. They sit on the grass. They have cups and look happy. The dog is brown and white. They are maybe having picnic. There is also a camera.,A2,,
0095,"The image presents four individuals and a dog sitting in a lush area surrounded by trees. They seem to be enjoying a warm day out in the nature. They are casually seated, sipping from their cups, and have a camera likely to capture the day's moments.",B1,,
0096,"This image portrays a moment of relaxation and companionship. Four friends and a fluffy dog are seated on the grass in a forested area, enjoying a respite from daily life. They have brought along drinks and a camera, suggesting a day spent capturing memories together.",B2,,
0097,"In this verdant enclave, we observe a quartet of individuals and their canine peer in a moment of repose, seemingly detached from the bustle of everyday life. Engrossed in a tapestry of conversation, they are encircled by an abundance of trees. The assortment of drinks and the nearby camera indicate an intent to document this peaceful congregation.",C1,,
0098,"Here lies a serene interlude, depicted through the lens of a tranquil gathering of friends in a forest haven. Accompanied by a small dog, their informal circle is a blend of contented dialogue and shared refreshments, with the quiet forest providing a natural amphitheater. A camera lies within reach, poised to encapsulate this tableau of friendship and the simplicity of a moment savored away from the fray.",C2,,
0099,"In this photo, many trees and some sky. People sit on grass. One small dog is there, very cute. People have cups, maybe drinks. They have camera. Trees are big. It is a nice place.",A1,,
0100,The picture shows a group of people and one dog. They are sitting down in a place with a lot of trees. They seem happy and have drinks. They are outside in the daytime. There is also a camera with them.,A2,,
0101,"This photo depicts a friendly gathering of four people and a small dog, enjoying an afternoon in a park full of tall trees. They are sitting down, probably chatting, with drinks in their hands. A camera on the grass hints that they are making memories.",B1,,
0102,"Captured in this image is a group of four friends and a dog, likely enjoying a leisurely picnic in a tree-filled park. They are seated on the ground, engaged in conversation, with drinks to quench their thirst. The presence of a camera suggests that they wish to document their relaxing excursion.",B2,,
0103,"This image is an ode to leisure, where four friends are depicted along with their pet dog, ensconced in a tranquil grove. Their casual postures on the grass, amidst an array of beverages, bespeak a day spent in mirth. A camera, presumably to capture these candid moments, completes the scene, reinforcing the day's relaxed ethos.",C1,,
0104,"Within this arboreal tableau, a narrative of camaraderie unfolds, starring four friends and a diminutive dog. They are ensconced amidst the foliage, their disposition one of relaxation and unguarded interaction. A camera lies in wait, its silent presence a testament to their desire to immortalize the day's serene conviviality. The scene is a study in the art of repose, set against the tableau of nature's resplendent backdrop.",C2,,
0105,Photo is of people and dog in place with many green trees. They sit on ground. Dog is small and cute. People have cups in hand. One camera on grass. Sky is blue. They look happy.,A1,,
0106,"In this photo, there are people sitting in a green area with lots of trees. They have a small dog with them. They are holding drinks and seem to be relaxing. There's a camera placed on the grass, suggesting they might be taking pictures of their outing.",A2,,
0107,"This image captures a group of friends and a dog enjoying a day outdoors, surrounded by a lush forest. They are seated comfortably on the grass, each with a drink in hand, indicating a moment of relaxation. A camera rests nearby, hinting at their intention to document this peaceful gathering.",B1,,
0108,"The photograph presents a tranquil moment amongst friends, immersed in a verdant woodland setting. Accompanied by a dog, they are seated on the grass, engrossed in light-hearted conversation, with beverages within reach. The camera lying on the grass foregrounds their desire to capture the essence of this serene encounter.",B2,,
0109,"This composition offers a glimpse into a serene convocation nestled within an expanse of greenery, where individuals and a dog partake in the simplicity of an outdoor gathering. Positioned informally on the ground, they are depicted amidst a leisurely exchange, with drinks serving as companions to their discourse. A solitary camera, positioned unobtrusively, speaks to the intent of preserving the fleeting moments of this sylvan repose.",C1,,
0110,"In the bosom of a verdant haven, this image artfully chronicles a moment of collective solace shared by a coterie and their canine confidant. Anchored in the embrace of nature, they are arrayed with a casual grace, their repartee punctuated by sips from their vessels. The presence of a camera, deliberately placed amidst them, serves as a silent guardian of memory, poised to immortalize the ephemeral beauty of their communion amid the whispers of the forest.",C2,,
0111,This picture show place with lots of trees and blue sky. There are people and one dog sitting on the ground. The dog looks happy. People have something to drink. There is a camera too. They seem to enjoy being together outside.,A1,,
0112,"The photo captures a group of people and a small dog enjoying time in a green area full of trees. They're sitting on the ground, holding drinks, and appear to be in a relaxed mood. A camera on the grass suggests they're taking pictures of their gathering.",A2,,
0113,"In this vibrant scene, four friends and their pet dog are found enjoying a leisurely day in a park, enveloped by an abundance of trees. They're seated casually on the grass, with drinks in hand, indicating a moment of relaxation and enjoyment. The presence of a camera implies they're keen on capturing memories of this day.",B1,,
0114,"This picture beautifully portrays a tranquil moment of connection among a group of friends and a dog, set against the backdrop of a lush, wooded area. They're gathered on the grass, each holding a drink, deeply engrossed in conversation. A nearby camera suggests a desire to capture the essence of their camaraderie and the natural beauty surrounding them.",B2,,
0115,"Within this image lies a tableau of friendship and serenity, as a group of individuals, accompanied by a canine companion, find solace beneath the canopy of an expansive forest. They are depicted in a state of relaxed engagement, beverages in hand, amidst the verdant flora. A camera, placed subtly among them, hints at their intent to document the fleeting moments of this idyllic assembly, further emphasizing the depth of their bond and the peaceful ambiance of their surroundings.",C1,,
0116,"Herein is captured a poignant snapshot of human and nature in symphony; a cadre of friends, alongside their faithful dog, is ensconced in the embrace of a verdant woodland. Their relaxed postures and the casual sprawl of drinks before them suggest a moment of reprieve from the mundane. The scene is meticulously anchored by the discreet placement of a camera, a testament to their desire to immortalize the ephemeral grace of their communion amidst the gentle whispers of the forest, a lyrical ode to the simplicity and profundity of shared moments in the lap of nature.",C2,,
0117,"In picture, lots of trees and blue up above. Four people and one dog are there. They sit on green stuff on ground. Dog is happy. People have cups and talk. They put camera on ground. It looks like fun time.",A1,,
0118,"The picture shows a group of four people with a dog, sitting in a place with many trees. They seem to be having a good time. They're holding cups, maybe they are drinking something. A camera is there too, maybe they took some photos of their day.",A2,,
0119,"This photo depicts a group of friends, four in total, along with a joyful dog, spending quality time in a lush green setting. They are all seated comfortably on the grass, engaging in casual conversation with drinks in hand. A camera is also seen placed nearby, indicating their intention to capture the moments of their outdoor adventure.",B1,,
0120,"The scene captured in this photograph is one of relaxation and camaraderie, as a group of friends, accompanied by their dog, enjoy an afternoon in a verdant park. They are all seated on the ground, leisurely partaking in beverages, while engaged in what appears to be a lively exchange. A camera lying on the grass suggests they are keen to document their peaceful sojourn among the trees.",B2,,
0121,"This image offers a narrative of communal leisure and connection within a tranquil forest setting, where four friends and their canine companion repose in a natural alcove. Seated amidst the lush underbrush, they partake in refreshments, their engagement with one another underscored by the casual placement of a camera, ready to encapsulate the essence of their shared respite. The verdure enveloping them acts not only as a backdrop but as a participant in their serene assembly.",C1,,
0122,"Embedded within this visual tableau is a poignant meditation on companionship and the sanctity of natural spaces. A quartet of individuals, alongside a dog, find themselves ensconced in a sylvan retreat, their presence a harmonious counterpoint to the surrounding expanse of verdancy. Engaged in a tableau of leisurely discourse, with beverages as their accompaniment, the scene is anchored by the strategic placement of a camera, its silent vigil a testament to their intention to immortalize this interlude of pastoral tranquility. The composition speaks volumes, not only of the joy found in shared moments but of the profound symbiosis between humanity and the natural world.",C2,,
0123,"Big picture with trees, sky, and grass. Four people and one little dog sitting together. They happy. People have drinks and talking. There is one camera on the grass. The place is very green and nice.",A1,,
0124,"The photo shows a small group of people and a dog sitting in a green area full of trees. They are sitting on the ground and seem to be enjoying their time. They have drinks, and there is a camera with them, suggesting they are capturing this moment.",A2,,
0125,"This image beautifully captures a serene gathering of friends in a forest setting. Four individuals, alongside their pet dog, are seen enjoying a peaceful day out in nature. They are seated on the grass, surrounded by trees, with beverages in hand, possibly sharing stories. A camera placed nearby hints at their intention to document these joyful moments.",B1,,
0126,"In this evocative photograph, we observe a convivial assembly of friends, ensconced in an idyllic woodland. Accompanied by a contented canine, they appear immersed in the tranquility of their surroundings. Seated comfortably on the forest floor, the group engages in animated conversation, their refreshments and a strategically placed camera suggesting a desire to memorialize their bucolic retreat.",B2,,
0127,"This compelling image offers a window into a moment of companionship and repose amidst the embrace of nature. A quartet of individuals, along with a dog, anchors the composition, each person engaging with the group in a relaxed manner. The setting, rich in verdure, provides a backdrop that evokes the serene essence of a pastoral landscape. The presence of refreshments and a camera serves as artifacts of their intent to capture and cherish the ephemeral beauty of this collective sojourn.",C1,,
0128,"Rendered with exquisite detail, this image encapsulates an interlude of harmony and introspection shared among friends and their canine companion, set against the lush tableau of a sylvan landscape. The composition is imbued with a sense of peaceful camaraderie, as the group, depicted in a state of relaxed engagement, navigates the contours of conversation and companionship. The ensemble is complemented by the thoughtful inclusion of personal effects, including beverages and a camera, which stand as testaments to their desire to enshrine the sanctity of this moment. The overarching narrative is one of a profound communion with nature, underscored by a collective reverence for the fleeting, yet timeless, beauty of human connection.",C2,,
0129,There is a photo with many trees and the sky. People and one dog are sitting on grass. The dog is small and seems happy. The people are holding drinks and talking to each other. There is also a camera on the grass next to them. The place looks very beautiful and peaceful.,A1,,
0130,"This picture shows a group of four people and a small dog spending time in a green park full of trees. They are all sitting on the grass, holding drinks, and seem to be enjoying a conversation. Beside them, a camera is placed on the ground, suggesting they might be taking photos of their outing.",A2,,
0131,"In the captured scene, a quartet of friends accompanied by their cheerful dog is seen reveling in the calmness of a densely wooded area. They are settled comfortably on the lush grass, engrossed in a leisurely exchange, with drinks in hand. The setting suggests a day aimed at relaxation and making memories, as evidenced by the camera laid out beside them, ready to document their forest retreat.",B1,,
0132,"This photograph intricately details a serene moment among friends and a dog, nestled within the embrace of a richly wooded landscape. The group is depicted engaging in heartfelt conversation, with casual drinks serving as a complement to their gathering. The scene is a testament to their search for tranquility away from the urban hustle, underscored by the presence of a camera, poignantly placed to capture the essence of their camaraderie amidst nature’s splendor.",B2,,
0133,"The image unfolds a narrative of intimate connection and contemplative relaxation, as a group of friends, along with their dog, find sanctuary within the bountiful greenery of a secluded forest. Seated in a clearing, they engage in profound dialogue, their interactions punctuated by the occasional sip from their beverages. A solitary camera, deliberately positioned within the frame, signifies their desire to immortalize this moment of collective solace, highlighting the contrast between the ephemeral nature of their assembly and the timeless tranquility of their surroundings.",C1,,
0134,"Rendered with a rich tapestry of natural hues and intimate human interaction, this depiction is a poignant reflection on the virtues of simplicity and the profound connections forged in the lap of nature. The ensemble of friends, accompanied by their loyal canine, is immersed in a tableau of serene discourse, the verdant backdrop acting as a silent witness to their fellowship. Each element, from the casual disposition of beverages to the strategically placed camera, is a carefully chosen artifact, contributing to a narrative that transcends the mere act of gathering, venturing into the realm of a deliberate and reflective communion with the natural world.",C2,,
0135,"Photo shows green place with lots of big trees and a bit of sky. There are four people and a cute, small dog sitting together on the grass. They all look happy and are holding cups. They have a camera on the grass too. It's like they're having a fun picnic in a beautiful park.",A1,,
0136,"This picture captures a group of four people and a small, happy dog sitting in a park. The area is full of large trees and looks very green. They are sitting on the grass, holding drinks, and seem to be enjoying a sunny day out. There's also a camera on the ground, indicating they might be taking photos of their time together.",A2,,
0137,"In this scene, a small group of friends, alongside their cheerful dog, are depicted enjoying a leisurely day in a lush, wooded area. They're all seated on the grass, with drinks in hand, deeply engaged in conversation. The setting is tranquil, surrounded by tall trees, suggesting a peaceful retreat from daily life. A camera placed nearby hints at their desire to capture memories of this delightful gathering.",B1,,
0138,"This photograph eloquently captures a tranquil moment shared between friends in the midst of a verdant forest. Accompanied by a content dog, the group is seated on the forest floor, each holding a beverage, indicative of a relaxed and leisurely afternoon. The dense canopy of trees envelops them in a serene embrace, providing a natural sanctuary from the hustle of everyday life. A camera, conspicuously positioned among them, serves as a testament to their intention to document this peaceful interlude.",B2,,
0139,"The image presents a narrative of conviviality and serenity, as a collective of individuals, along with a dog, partake in the joys of an understated outdoor gathering. Seated in a clearing surrounded by the dense foliage of a mature forest, they engage in earnest discourse, with casual drinks in hand, reveling in the simplicity and beauty of their surroundings. The camera, strategically placed within their circle, is poised to capture this moment of genuine connection against the backdrop of nature's quiet grandeur.",C1,,
0140,"This tableau is a delicate portrayal of human and animal fellowship, set against the backdrop of a richly wooded enclave, a testament to the enduring allure of nature's reprieve. The subjects, four friends and a dog, are depicted in a moment of repose and intimate exchange, underscored by the tactile presence of their beverages. The camera, subtly integrated into the scene, stands as a silent chronicler of this ephemeral yet timeless communion. The surrounding verdure, a dense tapestry of trees and underbrush, not only frames this assembly but also contributes to a narrative of retreat and reflection, offering a poignant reminder of the tranquil moments that punctuate our lives.",C2,,
0141,This picture is of a place with many trees and some sky. People are sitting on grass with a small dog. The dog looks very happy. The people are holding drinks and talking. There is a camera on the grass with them. The place looks like a nice park.,A1,,
0142,"In the photo, there's a group of four people and a small dog sitting in a beautiful, green park. They are all on the grass and holding drinks, looking like they are having a good time. There's also a camera placed on the grass near them, maybe for taking pictures of their outing.",A2,,
0143,"This image captures a tranquil moment of a group of friends, four in total, along with their joyful dog, gathered in a verdant park setting. They are seated on the grass, leisurely enjoying their drinks, engrossed in friendly conversation. The setting is peaceful, surrounded by tall, lush trees, suggesting a perfect day out in nature. A camera is seen beside them, indicating they are capturing memories of this serene encounter.",B1,,
0144,"This evocative photograph illustrates a scene of companionship and relaxation amidst the embrace of nature. A small group of friends, four to be exact, along with their endearing dog, are depicted enjoying a leisurely pause in a densely wooded area. They sit comfortably on the ground, beverages in hand, immersed in what appears to be a heartwarming dialogue. The presence of a camera on the grass nearby alludes to their desire to document this harmonious gathering, a moment of respite from the everyday hustle and bustle, surrounded by the calming influence of nature.",B2,,
0145,"Depicted in this rich tapestry of natural and human interaction is a scene where a quartet of individuals, accompanied by their canine companion, indulges in the tranquility of a forested sanctuary. Seated amidst a lush carpet of grass, they appear deeply engaged in a dialogue that weaves through the serene afternoon. With drinks serving as silent accompaniments to their convivial exchange, the ensemble is framed by a verdant array of flora that speaks to the secluded charm of their locale. A discreetly positioned camera serves as a testament to their intent to capture the essence of this idyllic communion, marking a moment of pause in the fleeting narrative of life.",C1,,
0146,"Within the verdurous confines of this sylvan retreat, a narrative unfolds, one that captures the quintessence of human connection and introspective solitude. Here, a group of four, their companionship extended to a small, spirited dog, find themselves enmeshed in the fabric of nature's calm. Seated upon the earth's soft mantle, they partake of the moment with beverages at hand, their conversation flowing as seamlessly as the canopy overhead. The scene, punctuated by the strategic placement of a camera, is a deliberate act of preservation, an attempt to immortalize a fleeting convergence of souls amidst the timeless expanse of nature. This photograph stands as a poignant reminder of the profound simplicity that life, at its core, offers—a temporary sojourn for kindred spirits under the watchful gaze of the natural world.",C2,,
0147,"In a big picture, there are lots of green trees and blue sky. Four people are sitting down on the grass. They have a small dog with them, who looks really happy. The people are holding drinks and seem to be talking and laughing. There's a camera sitting on the grass too. It looks like a really nice day outside in the park.",A1,,
0148,"This photo shows a group of friends, four people, enjoying a day out in a park that's full of trees. They have a cute dog with them, and they're sitting on the grass having a good time. They're holding drinks, maybe having a picnic, and there's a camera placed on the ground with them, suggesting they're taking pictures to remember the day.",A2,,
0149,"The image depicts a casual outdoor gathering. There are four individuals, two men and two women, engaging in conversation. A small, fluffy dog is also present. They are surrounded by trees and it appears to be a bright, sunny day. There's a picnic blanket with some personal items scattered around.",B1,,
0150,This picture has people and a dog. They are outside. They are happy. It is sunny.,A1,,
0151,"In the photo, there are some friends sitting on the grass. They are enjoying a picnic and talking. There is a cute dog with them. The weather looks nice.",A2,,
0152,"The image shows a group of young individuals likely in their teens, engaging in a casual picnic in what appears to be a park. They are having a conversation and there is a small, fluffy dog that seems to be part of the group. The trees around them suggest it might be a forested area or a large park.",B1,,
0153,"The photograph captures a moment of leisure for a group of adolescents in an outdoor setting, surrounded by tall trees that indicate they might be in a park. They're seated on the ground, with picnic items scattered around, suggesting a relaxed gathering. There's a playful dog in the foreground, adding to the informal atmosphere of the scene.",B2,,
0154,"This evocative image depicts a quartet of youths in the midst of a convivial gathering, ensconced within a verdant parkland. Their casual postures and genuine expressions of mirth suggest a deep-seated camaraderie amongst them. A small dog, exuding a cheerful demeanor, completes this idyllic tableau.",C1,,
0155,"This vivid tableau illustrates a quintessentially pastoral scene, wherein a coterie of young adults is immersed in the throes of an intimate colloquy, amidst an idyllic sylvan backdrop. The visceral joy permeating this convocation is palpable, further animated by the presence of a diminutive canine companion. The ensemble is framed by a copse of towering conifers, which casts a mottled shade upon them, enhancing the halcyon ambiance.",C2,,
0156,"In picture, I see four people and one dog. They sit on grass and have camera.",A1,,
0157,"The photo shows a group of friends having a picnic. There is a dog, and they are sitting on the ground.",A2,,
0158,"In the image, a group of young adults is enjoying a picnic in what appears to be a park. There's a dog with them, and they seem to be in a lively conversation.",B1,,
0159,"This picture captures a moment where four friends are engaging in a cheerful gathering in a park, with a shaggy dog in the foreground. They have drinks and a camera, indicating a casual and relaxed atmosphere.",B2,,
0160,"The photograph depicts a convivial scene of camaraderie amongst a quartet of individuals, possibly in their late teens to mid-twenties, ensconced in a verdant parkland. The presence of a canine companion and a variety of items including a beverage cup and a camera suggest a leisurely repast and the intention to document their revelries.",C1,,
0161,"The tableau before us is an eloquent portrayal of youthful exuberance, as a diverse group of four, possibly friends or acquaintances, partake in a bucolic retreat within what one might surmise to be an arboreal enclave. Their casual posture and the assortment of recreational paraphernalia scattered about them bespeak a spontaneous desire to capture and savor the halcyon moments of their convivial interchange.",C2,,
0162,"This picture is a place where is outside with the big trees, and I see many persons and a white and brown dog, they have happy and talking, sit on green grass with things for eat and drink and a camera for take photo.",A1,,
0163,"The image vividly showcases a vibrant group of individuals, possibly friends, who are gathered in a lush green space that seems to be teeming with towering trees, enjoying each other's company while a small, fluffy dog stands among them, with a myriad of picnic essentials like food, drinks, and a camera strewn about, all contributing to the jovial ambiance.",B1,,
0164,"Depicted here is a quintessentially serene setting in which a diverse assemblage of jovial youths is engaging in a lighthearted and seemingly impromptu picnic, enveloped by a verdant canopy of trees that whispers of nature's tranquility, complemented by the attendance of a spirited canine, with their leisurely pursuits being captured by a conspicuously placed photographic device, all under the auspices of what one might assume to be a perfect day for such an outing",B2,,
0165,"Encapsulated within this frame is an idyllic and pastoral snapshot, where a quartet of young adults is ensconced amidst a sylvan tableau, their varied postures and countenances reflecting a comfortable ease and rapport with one another, punctuated by the presence of a diminutive yet spirited dog, while a panoply of picnic accouterments - from sustenance-providing vessels to a presumably recently-utilized camera - are artfully scattered around them, the ensemble collectively basking in the dappled sunlight that filters through the emerald boughs overhead, fostering an atmosphere of relaxed conviviality and the shared pleasure of companionship.",C1,,
0166,"I look picture and see people and one happy dog, they sit on ground with trees, have red cups, they talk and smile, camera there, sun is shiny, very nice day.",A1,,
0167,"This is a photo with four people and a cute dog sitting on green grass in a park, they seem very happy and talk with each other, and they have a camera for taking pictures on a sunny day.",A2,,
0168,"In this image, we observe a group of four friends accompanied by a delightful dog, comfortably seated on the lush greenery of a park, partaking in a joyous conversation with laughter, while a camera rests nearby suggesting they are capturing memories on a day graced by sunshine.",B1,,
0169,"The scene unfolds under a canopy of trees where four individuals are immersed in a spirited exchange of stories, accompanied by a charming, shaggy dog, with an array of picnic essentials like drinks and a vintage camera at hand, hinting at an intention to document this day of leisure.",B2,,
0170,"Encompassed by the dense foliage of an urban park, this tableau presents four individuals and a small dog, all absorbed in a convivial exchange, the merriment of their interaction as palpable as the warmth of the dappled sunlight, while a camera lies in wait, ready to capture the essence of their shared experience.",C1,,
0171,"This vignette reveals a tapestry of human connection woven within a sylvan retreat, where quartet of youth, in concert with a canine, engage in a symphony of lively discourse, ensconced in a clearing graced by the benediction of the sun, amidst artifacts of repast and a dormant camera, poised to chronicle the fleeting serendipity of their communal sojourn.",C2,,
0172,I see people and dog. They are happy and sit on grass. It sunny day.,A1,,
0173,There are four friends and one dog in the park. They sit on the ground. They talk and smile. The weather is good.,A2,,
0174,"In the picture, there's a group of young people enjoying a picnic. There's a small dog with them. They're having a conversation and laughing. It looks like a warm, sunny day.",B1,,
0175,"The image depicts a vibrant gathering of four individuals partaking in a picnic, accompanied by a canine companion. They are engaging in lively discourse amidst a serene park setting, basked in what appears to be the gentle warmth of a sunlit day.",B2,,
0176,"This photograph captures a convivial scene of four individuals, possibly friends, in the midst of an outdoor picnic. Their casual postures and genuine smiles suggest a relaxed atmosphere. The presence of a small, fluffy dog adds to the sense of camaraderie. The environment is verdant and bathed in sunlight, indicative of fine weather.",C1,,
0177,"What we observe here is an idyllic representation of leisure, a quartet of individuals likely in the bloom of youth, ensconced in a sylvan glade. A canine of diminutive stature graces their assembly, enhancing the already palpable aura of esprit de corps. The tableau is suffused with the golden hues of solar radiance, accentuating the bucolic splendor of their surroundings.",C2,,
0178,Many people sit outside. Sun is bright. They have cups. Dog is there. They are happy.,A1,,
0179,There are people sitting on the grass. They look happy and talk. They have drinks. There is a white and brown dog with them. The sun is shining and it is daytime.,A2,,
0180,"In this picture, I can see a group of friends enjoying their time in what seems to be a park. They're sitting on a picnic blanket, and they seem to be in the middle of a conversation, enjoying each other's company. They have some drinks with them. A small dog is also present, which could be one of the friend's pet. The trees are very green, so it must be a sunny day.",B1,,
0181,"This image portrays a quartet of individuals, presumably friends, engaged in a picnic on a lush grassy knoll. They are seated comfortably on the ground, enveloped in casual attire, which suggests a relaxed and informal gathering. They appear to be in the throes of a jovial exchange, judging by their expressions and gestures. Accompanying them is a small, fluffy dog, adding to the homely scene. Their surroundings are characterized by a canopy of trees, under which they are shaded, although the brightness of the day is evident from the light piercing through.",B2,,
0182,"Captured here is a tableau of camaraderie and leisure; a diverse group of four young adults is arrayed in a pastoral setting, possibly a secluded parkland. The verdancy of the grass and the towering trees indicate the vitality of mid-spring or summer. They are dressed in comfortable, casual wear, and they seem deeply engaged in a convivial discourse, punctuated with laughter and shared jokes. Red cups and a camera are visible, suggesting a planned social event. A small, endearing dog with a light coat is amongst them, enhancing the conviviality of the assembly. The natural daylight filters through the foliage, casting a warm, dappled light upon the scene, suggesting it is late morning or early afternoon.",C1,,
0183,"This image is a quintessence of youth and relaxation, an eloquent slice of life that speaks volumes of the subjects’ rapport. A cadre of young adults is ensconced in an arboreal alcove, immersed in what appears to be an effervescent exchange, their countenances animated with the vivacity of shared jest. They are attired in garments that suggest a proclivity for comfort over formality. A canine companion of diminutive stature, likely a cherished pet, completes this bucolic ensemble. The panoply of personal effects – disposable cups, a photographic device – intimates a premeditated sojourn into this verdant haven. The chiaroscuro of light and shadow plays across the tableau, a testament to the zenith of the sun's journey across the diurnal arc, casting a lambent glow that suffuses the scene with an almost ethereal quality.",C2,,
0184,I see many happy people. They sit and have fun. They drink. One cute dog is there too. It is day with sun.,A1,,
0185,The picture shows some friends and a dog. They sit on the grass with trees around. They have red cups and maybe drinks. They look like they enjoy the sun and talk.,A2,,
0186,"Here we have a group of individuals, likely friends, gathered in a natural setting under the shade of trees. They're seated on the ground, indicating a casual get-together. There's a mix of males and females in the group, and they all appear to be having a good time. A small dog is standing nearby, looking towards the camera. Their relaxed posture and the presence of what looks like a camera suggest they are enjoying a day off in each other's company.",B1,,
0187,"The photograph presents a small assembly of individuals engrossed in what appears to be a pleasant reprieve from the humdrum of daily life, evidenced by their location in what could be deemed a pastoral setting. The dog, positioned center stage, seems to be an equal participant in this gathering, perhaps even the focal point of the conversation at hand. Each person showcases an array of relaxed postures, indicative of a comfortable and familiar rapport amongst the group. The setting is replete with greenery, signaling a day rich with sunlight and clear skies.",B2,,
0188,"This moment frozen in time showcases an ensemble of individuals in the prime of their youth, reveling in the simplicity of an outdoor sojourn. They are surrounded by the lush greenery indicative of a secluded park, with mature trees providing a respite from the effulgence of the midday sun. Each individual's demeanor is a blend of relaxation and engagement, suggesting a spontaneous dialogue filled with anecdotes and laughter. The canine's presence appears to elicit a collective affection, further bonding the group in this shared experience. Notably absent are the trappings of technology, save for the solitary camera, hinting at an intention to disconnect and immerse fully in the camaraderie.",C1,,
0189,"In this elegantly composed vignette, we are privy to an intimate convocation of young adults, each immersed in the halcyon embrace of nature's own theatre. Their sartorial choices are emblematic of a generation at ease with informality, embracing a bohemian ethos that eschews the conventional. As they commune on the verdant tapestry of grass, their gazes are not beholden to the lens of the camera but are instead interlocked, with expressions that suggest a shared consciousness. The canine, resplendent in its own unassuming charm, stands sentinel amidst the collective, a non-verbal custodian of their narrative. The dappling of sunlight through the arboreal canopy imbues the scene with a painterly quality, as if each ray of light were a masterstroke on this canvas of youthful exuberance.",C2,,
0190,There are people. They are outside. I see green trees. They drink and talk. The dog is with them.,A1,,
0191,Four people are outside. They have a picnic. There is one dog too. The sun is shining. They look very happy.,A2,,
0192,This is a picture of four friends at a picnic on a bright day. They are sitting on the grass and look like they are talking and laughing. They also have a dog with them who seems to be part of the group.,B1,,
0193,"In the midst of a verdant landscape, we see a cheerful assembly of four individuals partaking in an outdoor gathering. A loyal canine is in attendance, seemingly enjoying the camaraderie. They are surrounded by nature and the daylight suggests a leisurely afternoon. Their attire is casual, indicative of a day meant for relaxation and simple pleasures.",B2,,
0194,"Here we behold a quartet of youthful figures, interlaced by the bonds of friendship, nestled within the embrace of an al fresco backdrop. Their casual attire and the spontaneous placement of personal belongings convey a session of repose and recreation. The small dog, possibly a cherished pet, stands alert and at ease within this circle of trust. The clarity of the day's light and the visible comfort of the group evoke a setting where time seems to have been briefly suspended.",C1,,
0195,"This tableau articulates a narrative of companionship and reprieve, as we witness a congregation of individuals, ensconced within a verdant enclave. Each subject is captured in a state of candidness, their visages reflecting the shared joys of collegiate interaction. The scene is an epitome of pastoral serenity, set against a tapestry of rich foliage and suffused with the lambent glow of the afternoon sun. The inclusion of a domesticated canine into this symposium of human connection underscores the universal language of companionship that transcends species. Their ensemble, while seemingly disparate, forms a coherent aesthetic of youthful insouciance.",C2,,
0196,People and dog in a place with trees. They sit. They have things for drink. It looks like day.,A1,,
0197,"""Some friends and a dog are together. They are outside. There are trees and grass. They have some red things, maybe cups. They look like talking.",A2,,
0198,"The picture displays a friendly group and a pet dog in a place that looks like a park. They sit on the grass. There are big trees around them. They seem to be in the middle of a chat, enjoying drinks and the outdoor setting.",B1,,
0199,"The image illustrates a small ensemble of youths, accompanied by a canine, engaging in what appears to be a picnic in a park. The lush greenery encapsulates a scene of contentment. The individuals are seated in a semi-circle, deep in conversation, with beverages in hand, under the shelter of the trees' ample foliage.",B2,,
0200,"Within this scenic frame, we discern a congregation of four, interspersed with an endearing four-legged companion, amidst a grove that whispers of tranquility. They are attired in casual wear, denoting a retreat from urbanity. Each participant is engaged, displaying a spectrum of human emotion. They are dotted with containers, likely filled with libations, and the day is replete with the promise of untold stories and unguarded moments.",C1,,
0201,"Behold a vignette of youthful endeavor, set within a sylvan retreat that harks back to nature's unadorned cradle. Here, a convivial cohort finds solace, their ensemble punctuated by the presence of a diminutive canine, a silent yet sentient participant in their revelries. The tableau is steeped in the diaphanous light of the sun, casting a serene luminescence that bathes the group in an almost ethereal aureole. Their discourse, unobserved yet palpable, weaves a rich tapestry of exchange that belies the simplicity of their gathering.",C2,,
0202,I see four people and one dog. They are on grass. Trees are there. They hold red cups.,A1,,
0203,There are four people outside with a dog. They sit on something white. Trees are all around. They look happy with drinks.,A2,,
0204,"In the photograph, there is a group of friends sitting outdoors. They have a dog with them. The friends are smiling and holding drinks, enjoying a sunny day in a place with lots of trees.",B1,,
0205,"This snapshot captures a convivial gathering of individuals, ensconced in an open-air environment, flanked by the verdant embrace of a wooded locale. Their informal seating arrangement on the grass, with a canine at their helm, exudes an air of relaxation and spontaneous interaction.",B2,,
0206,"We are presented with an intimate scene of joviality amidst an enclave of natural beauty, where a group of individuals, diverse in demeanor, is situated. They are joined by a canine entity, which is seamlessly integrated into their dynamic. The tableau is underpinned by the lushness of their surroundings, and their laughter seems to echo through the canopy of trees.",C1,,
0207,"This tableau unravels a pastoral symphony of human and animal kinship, a cadre of youths enfolded by a verdurous bower. Their tableau is punctuated by the presence of a dog, a corporeal echo of domestic bliss. Engrossed in a communion of spirits, they are the very embodiment of pastoral repose, the trees standing as silent sentinels to this human idyll.",C2,,
0208,Four friends are with a dog. They sit outside. It is sunny. They look happy.,A1,,
0209,"There's a group with a little dog. They're outside. I see trees, grass, and some drinks. They seem to be enjoying the day.",A2,,
0210,"The image captures a relaxed outdoor setting where a small group of friends, along with a fluffy dog, are seated on the grass. They have beverages in their hands, suggesting a casual gathering in what looks to be a park full of trees.",B1,,
0211,"Presented here is a serene snapshot of four individuals and a canine companion, leisurely seated on a lush carpet of grass, encircled by the tranquility of a forested area. The individuals are evidently absorbed in a pleasant exchange, highlighted by the casual holding of cups, likely containing refreshments to complement the day's gentle ambiance.",B2,,
0212,"In this composition, a quartet of young adults is depicted in an informal repose, accompanied by a small dog, amidst a verdant parkland. They are arrayed in such a way as to suggest a spontaneous gathering, with shared beverages hinting at prolonged conversation. The overarching canopy of trees lends a dappled light to the scene, adding to the atmosphere of unhurried leisure.",C1,,
0213,"Herein lies a narrative captured in a single frame: a collective of individuals, in the very essence of leisure, their informal circle completed by the presence of a dog. Each person's poise and the scattered personal items tell a story of communion and respite from the quotidian. They are enveloped by a copse of trees, the dappling shadows of which play upon their assembly, creating a tableau vivant that is both bucolic and candidly human.",C2,,
0214,People and one dog outside. They sit. Many trees there. They have cups.,A1,,
0215,Four people and a dog are in a place with trees. They sit on the ground. They are drinking something. It is a sunny place.,A2,,
0216,"This image shows four individuals and a small dog seated outdoors, surrounded by a number of trees. They are likely friends, engaging in casual conversation while holding cups, possibly with drinks, on a sunny day.",B1,,
0217,"The scene unfolds with a collective of friends accompanied by a canine, reclining amidst nature's embrace. Their casual postures and the smattering of cups suggest a reprieve filled with convivial exchanges in this arboreal retreat.",B2,,
0218,"What emerges from the photo is a tableau of social interaction, rendered more poignant by the inclusion of a dog among the individuals. Their engagement is palpable, as is their connection to the environment, which is rendered with a lushness that speaks to the bountiful presence of nature around them.",C1,,
0219,"This visual vignette presents an array of individuals in concert with the casualness of a day spent in nature's lap, a scene completed by the presence of a domesticated animal. The subtleties of their interactions, nuanced by the interplay of light and shadow through the foliage, offer a study in contemporary pastoral life.",C2,,
0220,See people and dog. They are in a place with trees. Sitting and have cups.,A1,,
0221,The picture has some people and a dog. They sit on the ground and have things to drink. There are big trees and it is bright.,A2,,
0222,"A group of friends is pictured with a dog, seated on a blanket in a wooded area. They have beverages and appear to be chatting amicably on a sunny day.",B1,,
0223,"Four companions are seen partaking in a social gathering in a sylvan setting, a dog amongst them. They are seated informally, indulging in what seems to be light-hearted banter, under the watchful eye of the surrounding flora.",B2,,
0224,"This photograph captures a cadre of individuals in the company of a canine, all basking in the solace provided by an arboreal backdrop. They are engrossed in an apparent free-flowing dialogue, the essence of which is mirrored by the ease of their surrounding nature.",C1,,
0225,"In this frame, we see a microcosm of camaraderie: a group of individuals, varied in their postures and attentiveness, accompanied by a canine confidant, all ensconced within a grove that exudes tranquility. The scene is bathed in a clarity of light that underscores the tranquil tenor of their assembly, as they partake in the age-old ritual of communal repose.",C2,,
0226,I see two women and two men. One dog too. They have cups. Trees around.,A1,,
0227,"In the photo, people and a dog are sitting. They are outside with drinks. Many trees are near them. It is daytime.",A2,,
0228,"This image portrays a group of four people and a small dog, sitting in a natural setting, probably a park. They're holding cups, suggesting they might be drinking and enjoying a conversation in the outdoors.",B1,,
0229,"Four individuals, along with a canine companion, are depicted engaging in a social interlude amidst an environment of dense foliage. Their relaxed demeanors and the presence of drinking cups suggest a leisurely encounter.",B2,,
0230,"Depicted herein is a gathering of young adults, accompanied by a small dog, all seated in an enclave of greenery. They are positioned informally, with drinks in hand, evidently immersed in an exchange of dialogue, enveloped by the serene embrace of nature.",C1,,
0231,"This image encapsulates a moment of reprieve, where four souls, alongside a canine ally, find themselves ensconced within a verdant embrace. The scene is characterized by a casual congregation, engrossed in a tapestry of discourse, with the organic canopy above them drenching the setting in shades of tranquility and companionship.",C2,,
0232,Group with dog. They sit. Trees there. It sunny.,A1,,
0233,Four people and dog are outside. They look happy. It's sunny and green around them. They have drinks.,A2,,
0234,"This picture shows a friendly gathering in an outdoor setting, featuring four individuals and a dog, enjoying a sunny day. They're sitting on the ground, surrounded by nature, each holding a drink.",B1,,
0235,"In the midst of nature, a convivial assembly of four humans and a dog is depicted, enjoying the leisure of an outdoor setting. They are engaged in what appears to be a relaxed and informal gathering, with beverages in hand, indicative of a casual social outing.",B2,,
0236,"Captured within this frame is an illustrative snapshot of youth in communion with nature, where a quartet of individuals, alongside their canine companion, partakes in the simplicity of an alfresco gathering. The setting is rich with verdure, reflecting an afternoon replete with congenial conversation and shared moments.",C1,,
0237,"This tableau vivant unfolds a narrative of companionship and serene leisure, where four individuals, in concert with a dog, are ensconced in an idyllic clearing. Their relaxed postures and the casual exchange of banter, under the canopy of an arboreal landscape, evoke a scene of pastoral tranquility. The luminous quality of the daylight adds a layer of vivacity to the scene, accentuating the ephemeral nature of their assembly.",C2,,
0238,Many people sit. Dog too. They have cups. Big trees.,A1,,
0239,Group of friends and a dog outside. They have something to drink. It's sunny. Lots of trees around them.,A2,,
0240,"A casual gathering of four friends and their dog in an outdoor setting is shown. They are sitting together, surrounded by the greenery of trees, enjoying their drinks under the sunny sky.",B1,,
0241,"The image captures an intimate moment among friends, four in number, accompanied by a dog, in what appears to be a tranquil outdoor locale. They are seated comfortably on the ground, amidst a lush backdrop of trees, engaging in light conversation with beverages in hand.",B2,,
0242,"This photographic composition offers a glimpse into a serene moment shared between four companions and a dog, nestled within a verdant landscape. The casual nature of their assembly, highlighted by their choice of refreshment and the informal seating arrangement, mirrors the spontaneous joy found in such gatherings. The surrounding foliage enhances the sense of seclusion and camaraderie depicted.",C1,,
0243,"Presented here is a richly textured narrative of leisure and friendship, where four individuals and a canine confederate are ensconced within a sylvan sanctuary. Their ease and engagement with one another, punctuated by the presence of simple libations, is set against the backdrop of a verdant copse. The scene exudes a palpable sense of peace and communal solitude, rendered all the more poignant by the naturalistic setting that envelops them. The interplay of light and shadow, along with the organic arrangement of figures, lends a timeless quality to this convivial tableau.",C2,,
0244,See four people and dog. They sit on ground. Many trees. Day is sunny.,A1,,
0245,There is a group with one dog. They are outside. They look happy and have drinks. Trees are everywhere.,A2,,
0246,"This photo shows a relaxed scene of four friends and a dog enjoying an outdoor setting. They're seated on the grass, surrounded by a lot of trees, sharing a moment together with drinks in their hands.",B1,,
0247,"Depicted is a serene moment of camaraderie, with four individuals and a pet dog lounging in a lush outdoor space. They appear engaged in casual conversation, the ease of their gathering accentuated by the natural setting and their leisurely posture.",B2,,
0248,"In this image, a tableau of youthful exuberance is captured among a quartet of friends, complemented by the presence of a dog, all ensconced in a verdant outdoor locale. Their informal seating arrangement and the visible beverages suggest a spontaneous convergence marked by laughter and dialogue, amidst the canopy of mature trees.",C1,,
0249,"Herein lies a meticulously framed vignette, eloquently capturing a group of four, alongside their canine companion, in a sylvan retreat. Their disposition and the spontaneous array of beverages convey a narrative of leisure and intimate discourse. The scene is enveloped in a verdure that speaks volumes of the tranquility and ephemeral beauty of such gatherings, under the benevolent watch of the sun. The composition masterfully encapsulates the essence of friendship and the sublimity of nature’s backdrop.",C2,,
0250,"Four people, one dog. They sit outside. Many trees. They look happy.",A1,,
0251,Friends and a dog are in a place with lots of trees. They sit and have drinks. It is a sunny day.,A2,,
0252,"A group of four, accompanied by their dog, enjoys an outdoor setting, surrounded by greenery. They're seated casually, with drinks in hand, under the shade of trees.",B1,,
0253,"Captured in this scene is a leisurely gathering of friends, four in total, with a dog in tow, set against a verdant backdrop. The setting is informal, with the group seated on the ground, engrossed in conversation, illuminated by the soft light filtering through the trees.",B2,,
0254,"This snapshot presents a vivid portrayal of companionship, as four individuals and a dog are immersed in the tranquility of a forested area. Their seating arrangement on the grass, coupled with the casual presence of beverages, suggests a moment captured in the midst of a relaxed and engaging dialogue, with nature serving as a lush curtain to their assembly.",C1,,
0255,"In this composition, we are afforded a glimpse into a serene conclave of humanity and nature: four souls and a canine, ensnared in a moment of idyllic repose. Their disposition, amidst the embrace of an arboreal landscape, transcends mere leisure, elevating the scene to a tableau of existential harmony. The interplay of light and shadow, the casual array of drinks, and the unspoken dialogues craft a narrative of profound connection and introspection.",C2,,
0256,People and dog in sun. They sit on grass. Big trees around.,A1,,
0257,There are four people and a dog in a sunny place with lots of trees. They sit and have drinks.,A2,,
0258,"The image captures a friendly group of four and a dog enjoying the outdoors. They're sitting comfortably on the ground, surrounded by nature, each holding a drink.",B1,,
0259,"Four individuals, alongside a canine companion, find solace in an outdoor enclave, their relaxed posture and beverages in hand indicating a leisurely day spent amidst the greenery.",B2,,
0260,"This scene unfolds with a quartet of individuals and a dog, ensconced in a verdant locale, embodying the essence of a tranquil retreat. Their relaxed demeanor, complemented by casual refreshments, portrays a moment of congenial fellowship under the canopy of nature.",C1,,
0261,"This tableau intricately weaves together the strands of serene companionship and the resplendent beauty of nature, where four individuals, accompanied by their canine ally, partake in a moment suspended in time. Their assembly, marked by informal repose and the sharing of refreshments, is set against a tapestry of lush foliage, encapsulating a fleeting instance of profound serenity and communal harmony.",C2,,
0262,See four people and one dog. They outside. Trees there. They have cups.,A1,,
0263,There are four people with a dog. They are outside sitting. Trees are around them. It looks sunny.,A2,,
0264,"This picture shows a group of four friends and a dog, spending time together outdoors. They're sitting on the ground, surrounded by nature, with drinks in their hands.",B1,,
0265,"In the image, a casual gathering of friends, numbering four, along with a dog, is depicted in a lush, green setting. They appear to be enjoying a leisurely day, seated comfortably on the ground, engaging in light conversation with drinks at their side.",B2,,
0266,"Captured here is a moment of leisure and connection, as four individuals and a canine companion share in the tranquility of a natural setting. Seated in a relaxed manner amidst the greenery, the group engages in what appears to be a heartfelt exchange, underscored by the casual presence of drinks, suggesting a break from the day's activities.",C1,,
0267,"This composition offers a glimpse into a serene interlude, where a quartet of individuals, accompanied by a dog, engage in a tableau of relaxed camaraderie. Set against a backdrop of verdant foliage, their informal gathering speaks to a deeper narrative of friendship and the simple pleasures of shared time. The ambient light filtering through the trees casts a gentle glow, enhancing the sense of a momentary retreat from the temporal flow, encapsulated within the natural landscape.",C2,,
0268,Four people and dog are outside. They sit. It is sunny. There are trees.,A1,,
0269,Group of friends with a dog outside. They have drinks. There are many trees. It looks like a nice day.,A2,,
0270,"A friendly gathering of four individuals and a dog is pictured in an outdoor setting, possibly a park. They seem to be enjoying the day, sitting on the ground, surrounded by trees, each with a drink in hand.",B1,,
0271,"The photograph depicts a relaxed assembly of four people and their canine companion, enjoying an afternoon in a lush, green space. They are casually seated, with drinks suggesting a leisurely pause in their conversation, amidst the natural beauty of their surroundings.",B2,,
0272,"In this frame, we are presented with an intimate snapshot of camaraderie: four individuals and a dog, ensconced in the serenity of a verdant landscape. The relaxed posture and casual drinks hint at a moment of respite and enjoyment, with the dense foliage providing a picturesque backdrop to their gathering.",C1,,
0273,"This vignette captures a quintessential moment of pastoral repose, where four souls, alongside a loyal canine, are seamlessly woven into the tapestry of the natural world. Their engagement, characterized by a spontaneous exchange amidst the embrace of the arboreal realm, transcends mere leisure, reflecting a deeper communion with each other and the environment. The nuanced interplay of light and shadow across their faces and the verdure around them elevates the scene, imbuing it with a timeless quality of shared human experience.",C2,,
0274,Lots of people and a dog. They are outside. See many trees. They happy.,A1,,
0275,"""Friends are outside with a dog. They sit near trees. They have drinks. It's sunny.",A2,,
0276,"This image captures a small group of friends and a dog enjoying an outdoor setting. They're seated on the ground, surrounded by lush trees, each holding a beverage, in what appears to be a moment of relaxation.",B1,,
0277,"Depicted here is a convivial moment among four individuals and a dog, set against the backdrop of a verdant park. They're engaging in a casual encounter, seated on the ground with drinks, enveloped by the natural splendor of their surroundings.",B2,,
0278,"This photograph presents an evocative scene of leisure and fellowship, with four people and a dog gathered in an idyllic outdoor locale. The composition suggests a pause in their conversation, a moment captured amidst the tranquility of a wooded area, highlighted by their informal circle and the presence of beverages, signifying a shared experience of repose.",C1,,
0279,"Within this elegantly framed tableau, we observe a nuanced interplay of human and animal companionship, articulated against the canvas of a luxuriant landscape. The assembly of four individuals, accompanied by a dog, is emblematic of serene coexistence. Their seated arrangement, punctuated by the casual distribution of drinks, serves as a testament to the enduring allure of nature as a sanctuary for collective human moments. The intricate layering of light and texture within the scene encapsulates the essence of bucolic tranquility and the unspoken bonds that define our shared narratives.",C2,,
0280,People sit with dog. It sunny. They happy. Trees around.,A1,,
0281,Four people and dog outside. They sit and drink. Sunny day. Many trees.,A2,,
0282,"The picture shows a friendly gathering of four people and a dog in an outdoor setting, enjoying the sunshine. They are seated on the ground, surrounded by greenery, and appear to be in a relaxed mood with drinks in hand.",B1,,
0283,"Four individuals, along with a canine companion, are captured in a moment of leisure, seated amidst an expanse of lush greenery. Their casual stance and the presence of drinks suggest a convivial atmosphere under the open sky.",B2,,
0284,"This image intricately portrays a moment of repose for four individuals and their dog, enveloped by the natural embrace of a verdant locale. The casual arrangement of the group, engaged in light-hearted dialogue with beverages at their leisure, reflects a spontaneous communion with the serene outdoors.",C1,,
0285,"In this composition, a delicate balance of companionship and serene outdoor ambiance is masterfully captured, presenting four individuals and a dog in a tableau of harmonious interaction. The scene is suffused with the warmth of the sun, casting a luminous quality over the ensemble, who are casually interspersed with refreshments, suggesting an interlude of contemplative ease amidst the verdant splendor. The nuanced depiction elevates the mundane to a celebration of momentary stillness and the subtle interplay of human and nature.",C2,,
0286,Four people and dog. Outside. Many trees. They have drinks.,A1,,
0287,There are friends with a dog in a place with trees. They sit on the ground. It is a sunny day. They seem happy.,A2,,
0288,"A group of friends, four in total, along with a dog, are enjoying an outing in a wooded area. They are sitting down, surrounded by nature, holding drinks, which suggests they are having a good time.",B1,,
0289,"In this scene, four individuals and a pet dog are engaging in a casual gathering within a lush forest setting. They are relaxed, seated on the ground, with beverages, implying a leisurely day spent in the great outdoors.",B2,,
0290,"This photograph captures an idyllic moment shared among four friends and their dog, set against the backdrop of a dense forest. They are depicted in a state of relaxed engagement, seated casually with drinks in hand, embodying the essence of a peaceful retreat into nature.",C1,,
0291,"Here, a tableau of serene companionship unfolds, featuring four individuals and a canine, all ensconced within the tranquil bosom of a verdant woodland. Their arrangement, casual yet intimate, with refreshments serving as silent testimonials to the day's leisure, is a vivid portrayal of human connection in the lap of nature. The image, rich in its depiction of spontaneous camaraderie, subtly communicates the nuanced interrelations between humans, their animal companions, and the natural world.",C2,,
0292,People and dog sit. Trees. They drink. It is sunny.,A1,,
0293,Four people and a dog are outside. They sit down and have drinks. There are a lot of trees and it's sunny.,A2,,
0294,"The image shows a group of four friends and a dog enjoying their time outside. They're seated in a grassy area, surrounded by trees, each with a drink, indicating a relaxing day spent together.",B1,,
0295,"This photograph captures a moment of leisure for four individuals and a dog, seated in a natural setting abundant with trees. They appear to be in mid-conversation, enjoying the pleasant weather and the company of each other, with beverages in hand.",B2,,
0296,"Within this scene, a narrative of tranquility and companionship is woven through the gathering of four friends and a dog in a sylvan setting. The casual disposition of the group, amidst the lush greenery, alongside their drinks, speaks volumes of the day's intent - a peaceful retreat from the clamor of daily life.",C1,,
0297,"This visual composition eloquently articulates a serene interlude experienced by four companions and their canine, ensconced within the embrace of a verdant landscape. The setting is an intimate tableau of interaction, where the mere simplicity of sitting with drinks amidst the forest becomes a profound act of communion with nature. The image invites contemplation on the subtle, often overlooked moments of connection and the quietude offered by the natural world, suggesting a narrative depth beyond the immediate visual tranquility.",C2,,
0298,See people and dog. They sit. Trees around. Sun is out.,A1,,
0299,Four people and a dog are sitting outside. They have drinks. It's sunny with lots of trees.,A2,,
0300,"A group of four friends, along with their dog, are captured enjoying the outdoors. They're seated comfortably on the grass, surrounded by a natural setting of trees, and seem to be having a good time in the sun.",B1,,